tweet_ID,Name,Text,Date,Media,processed_text,sentiment_analysis_score
1,HCLFirstCareers,"Register today: https://t.co/YYOaRSsQMj

#HCLFirstCareers #HCLTech #HCLTechnologies #Inspiration #Motivation‚Ä¶ https://t.co/HlCSlbtzGP",2021-06-16 08:34:56,0,Register today HCLFirstCareers HCLTech HCLTechnologies Inspiration Motivation,0.0
2,krishnakhanna,"#ICMCBO Alert Buy #HCLTECH CMP: 979.5 Target: 0 SL: 0 #NimblrTA, These alerts are delayed and for demonstration. Fo‚Ä¶ https://t.co/puwjudmScL",2021-06-16 07:01:15,0,ICMCBO Alert Buy HCLTECH CMP 979 5 Target 0 SL 0 NimblrTA These alerts are delayed and for demonstration Fo,0.0
3,No_Paid_Service,"#HcLinfotech #hcltech 

April 10th uploaded and many of you didn't take any of this recommendation seriously on sam‚Ä¶ https://t.co/Ye5Cuy7cUZ",2021-06-16 06:20:14,0,HcLinfotech hcltech April 10th uploaded and many of you didn t take any of this recommendation seriously on sam,0.08333333333333334
4,busyrabbit_,"#NowHolding #hcltech #TataChem #banknifty #IGL 
#ApnaTimeAayega 
Market is doing flip-flop but refuse to go down wh‚Ä¶ https://t.co/MFPc4nBKmq",2021-06-16 05:42:12,0,NowHolding hcltech TataChem banknifty IGL ApnaTimeAayega Market is doing flip flop but refuse to go down wh,-0.15555555555555559
5,BillionClub22,"SELL HCLTECH  BELOW 981

#HCLTECH #frontpage_app",2021-06-16 04:23:39,0,SELL HCLTECH BELOW 981 HCLTECH frontpage app,0.0
6,CHARTYODDHA,HCLTECH- TRIPLE TOP WITH NEGATIVE DIVERGENCE. - #HCLTECH chart https://t.co/5qiCo7WgyU,2021-06-16 01:17:04,0,HCLTECH TRIPLE TOP WITH NEGATIVE DIVERGENCE HCLTECH chart,0.1
7,markets_tradia,"#nseindia #bse #niftyfifty #banknifty #RBI #sebi #exports #coalindia #hcltech #AdaniGroup  #StocksInFocus 
Made By:‚Ä¶ https://t.co/3iOLnSAg51",2021-06-15 17:36:49,0,nseindia bse niftyfifty banknifty RBI sebi exports coalindia hcltech AdaniGroup StocksInFocus Made By,0.0
8,markets_tradia,"The Sentinel - 15th June 2021.
#nseindia #bse #niftyfifty #banknifty #RBI #sebi #exports #coalindia #hcltech‚Ä¶ https://t.co/iSRK96vHmi",2021-06-15 17:36:47,0,The Sentinel 15th June 2021 nseindia bse niftyfifty banknifty RBI sebi exports coalindia hcltech,0.0
9,StockMarketBus1,"Indian tech companies are almost 20 years lag behind the US tech companies

If you know any world recognised tech p‚Ä¶ https://t.co/bDJsAAYeXi",2021-06-15 16:02:03,0,Indian tech companies are almost 20 years lag behind the US tech companies If you know any world recognised tech p,-0.4
10,bale1966,#SPARKmatric # BIGFIX #HCLSoftware #HCLTech #Magicquadrant https://t.co/YWYhIiRSgf,2021-06-15 13:36:31,0,SPARKmatric BIGFIX HCLSoftware HCLTech Magicquadrant,0.0
11,BusinessNewsPo1,"#COFORGE Jumps 0.93%
#Infosys up 0.83%
#HCLTech up 0.13%
#MindTree gains 0.08%",2021-06-15 13:09:16,0,COFORGE Jumps 0 93 Infosys up 0 83 HCLTech up 0 13 MindTree gains 0 08,0.0
12,DeltaL_1,"https://t.co/UE1FcVLscU #HCLTECH

Telegram: https://t.co/iToiGesBqM

Youtube: https://t.co/vDu8SXqSNk https://t.co/JCJzf7OUCs",2021-06-15 11:58:53,0,HCLTECH Telegram Youtube,0.0
13,HCLFirstCareers,"Engineering Graduates Across India Can Apply. 

Register at https://t.co/F928y7CbpY 

#HCLFirstCareers #HCLTech‚Ä¶ https://t.co/AvGZrBp53W",2021-06-15 11:36:59,0,Engineering Graduates Across India Can Apply Register at HCLFirstCareers HCLTech,0.0
14,alishashaah,@iymprabu What are your views on #hcltech ?,2021-06-15 09:51:24,0,What are your views on hcltech,0.0
15,mahant6,"#Nifty
#Banknifty #CNXMIDCAP100 
#Nifty50 
#Niftyfutures 
#BANKNIFTYFUTURE
#CNXIT 
#Hcltech 
992 to 985

Intraday m‚Ä¶ https://t.co/MUZR53f4Yt",2021-06-15 09:39:32,0,Nifty Banknifty CNXMIDCAP100 Nifty50 Niftyfutures BANKNIFTYFUTURE CNXIT Hcltech 992 to 985 Intraday m,0.0
16,techkki,"HCL Technologies Invited Applications For TechBee Program for Class 12 Students, 2020 Passout or Pursuing in Class‚Ä¶ https://t.co/Ma1KopMCMm",2021-06-15 07:56:30,0,HCL Technologies Invited Applications For TechBee Program for Class 12 Students 2020 Passout or Pursuing in Class,0.0
17,DAILYPROFITS4,"Double Your wealth with DAILY PROFITS
F&amp;O CALL ( HIGH RISK- HIGH GAIN CALL )
LOT SIZE 700
BUY #HCLTECH         @  9‚Ä¶ https://t.co/lEV9aFHnSi",2021-06-15 06:39:59,0,Double Your wealth with DAILY PROFITS F amp O CALL HIGH RISK HIGH GAIN CALL LOT SIZE 700 BUY HCLTECH 9,0.08
18,krishnakhanna,"#ICMCBO Alert Buy #HCLTECH CMP: 990.75 Target: 0 SL: 0 #NimblrTA, These alerts are delayed and for demonstration. F‚Ä¶ https://t.co/j8lEsZtnNL",2021-06-15 05:32:20,0,ICMCBO Alert Buy HCLTECH CMP 990 75 Target 0 SL 0 NimblrTA These alerts are delayed and for demonstration F,0.0
19,shraddham008,"CASH: BUY #HCLTECH ABOVE 991 TARGET 995.45/ SL GIVE TO ONLY PAID CLIENT

#nse #bse #nifty #index #sensex #banknifty‚Ä¶ https://t.co/ooUXnZfmGi",2021-06-15 04:20:37,0,CASH BUY HCLTECH ABOVE 991 TARGET 995 45 SL GIVE TO ONLY PAID CLIENT nse bse nifty index sensex banknifty,0.0
20,chetnaparmar631,"#HCLTECH Jump 917 to 992 in just one week 
Looking good for long 
Keep in radar https://t.co/WntuoY0cbr",2021-06-15 04:11:33,0,HCLTECH Jump 917 to 992 in just one week Looking good for long Keep in radar,0.32499999999999996
21,mahant6,"#Nifty
#Banknifty #CNXMIDCAP100 
#Nifty50 
#Niftyfutures 
#BANKNIFTYFUTURE
#CNXIT 
#Hcltech 

Sold hcltech 992 .3po‚Ä¶ https://t.co/vQort2ZvFr",2021-06-15 04:04:31,0,Nifty Banknifty CNXMIDCAP100 Nifty50 Niftyfutures BANKNIFTYFUTURE CNXIT Hcltech Sold hcltech 992 3po,0.0
22,DeltaL_1,"https://t.co/UE1FcVLscU #HCLTECH

Telegram: https://t.co/iToiGesBqM

Youtube: https://t.co/vDu8SXqSNk https://t.co/IeDdr5mtCY",2021-06-15 03:31:04,0,HCLTECH Telegram Youtube,0.0
23,AmanPra72845381,"See #TOPCALLS 

BUY #GodrejCP930Ce #TorrentPharma #Mahindra820Ce #HUL #RIL #HCLTech #PruICICI

#StocksToWatch
#StocksToBuy",2021-06-15 02:56:30,0,See TOPCALLS BUY GodrejCP930Ce TorrentPharma Mahindra820Ce HUL RIL HCLTech PruICICI StocksToWatch StocksToBuy,0.0
24,shail_bhatnagar,"See #TOPCALLS on @CNBC_Awaaz 

BUY #GodrejCP930Ce #TorrentPharma #Mahindra820Ce #HUL #RIL #HCLTech #PruICICI‚Ä¶ https://t.co/PXcVg70VVQ",2021-06-15 02:51:18,0,See TOPCALLS on Awaaz BUY GodrejCP930Ce TorrentPharma Mahindra820Ce HUL RIL HCLTech PruICICI,0.0
25,CapitalTrends,#HCLTECH within 5% of 50-day moving average. #BuyingOpportunity #TradingOpportunity ? https://t.co/C6WVOLABlD https://t.co/GHWWKqxjUx,2021-06-15 02:42:43,0,HCLTECH within 5 of 50 day moving average BuyingOpportunity TradingOpportunity,-0.15
26,busyrabbit_,"#NowHolding HCL #hcltech  #igl indraprastha Gas #banknifty (stuck with losses) #tatachemicals #tatachem 

and added SBI #sbin for BTST",2021-06-14 18:26:01,0,NowHolding HCL hcltech igl indraprastha Gas banknifty stuck with losses tatachemicals tatachem and added SBI sbin for BTST,0.0
27,ProfitPattern1,#HCLTECH chart https://t.co/b3Irg8sbpk https://t.co/aqZEXCWLDI,2021-06-14 17:58:42,0,HCLTECH chart,0.0
28,tradeclue,"Intraday Stocks to Focus: 15 JUNE 2021

‚Äî‚Äî‚Äî‚Äî‚Äî‚Äî‚Äî‚Äî‚Äî‚Äî‚Äî‚Äî‚Äî
Buy Stock
‚Äî‚Äî‚Äî‚Äî‚Äî‚Äî‚Äî‚Äî‚Äî‚Äî‚Äî‚Äî‚Äî
HCLTECH buy above 991
DIVISLAB buy ab‚Ä¶ https://t.co/DGfoq9SsjC",2021-06-14 16:17:14,0,Intraday Stocks to Focus 15 JUNE 2021 Buy Stock HCLTECH buy above 991 DIVISLAB buy ab,0.0
29,DeltaL_1,"https://t.co/UE1FcVLscU #HCLTECH

Telegram: https://t.co/iToiGesBqM

Youtube: https://t.co/vDu8SXqSNk https://t.co/hrRAfXi8IT",2021-06-14 11:46:11,0,HCLTECH Telegram Youtube,0.0
30,IIFLMarkets,"HCL Tech appoints Siki Giunta to accelerate HCL CloudSmart industry cloud offerings
https://t.co/55xmVCaawl
#HCLtech",2021-06-14 10:38:20,0,HCL Tech appoints Siki Giunta to accelerate HCL CloudSmart industry cloud offerings HCLtech,0.0
31,rahul_classic,"#HCLTECH Sweet AND short consolidation.

Important levels on closing basis - 1022+ 

1180-1225 -Resistances.

SL- 9‚Ä¶ https://t.co/iYhHr2gkEX",2021-06-14 07:26:22,0,HCLTECH Sweet AND short consolidation Important levels on closing basis 1022 1180 1225 Resistances SL 9,0.25
32,romulus_bot,#awardOfOrder #nse #bse #trading #stocks #stockmarket #PressRelease #HCLTECH - Announcement under Regulation 30 (LO‚Ä¶ https://t.co/FbwxhUgYKr,2021-06-14 05:50:27,0,awardOfOrder nse bse trading stocks stockmarket PressRelease HCLTECH Announcement under Regulation 30 LO,0.0
33,romulus_bot,#awardOfOrder #nse #bse #trading #stocks #stockmarket #PressRelease #HCLTECH - Press Release HCL Technologies Limit‚Ä¶ https://t.co/xaqBka2ity,2021-06-14 05:50:21,0,awardOfOrder nse bse trading stocks stockmarket PressRelease HCLTECH Press Release HCL Technologies Limit,0.0
34,busyrabbit_,"Booked profit in #techm partial profit in #hcltech and added #Reliance #RIL 
#nowholding #hcltech  #igl #banknifty‚Ä¶ https://t.co/dUNXNjgglC",2021-06-14 05:49:13,0,Booked profit in techm partial profit in hcltech and added Reliance RIL nowholding hcltech igl banknifty,-0.1
35,TarunaGarg18,"#HCLTECH

Buy @ 980
Tgt 1000
Stop loss below 775

#interdaytradingview
@TarunaGarg18",2021-06-14 05:06:06,0,HCLTECH Buy 980 Tgt 1000 Stop loss below 775 interdaytradingview,0.0
36,uncommonprofit,"#CNXIT ATH closing on 11-JUN-21, catchup pending

#HCLTECH ‚Äì  WEEKLY    :  12-JUN-21
ENTRY at RETEST   960/955  
IS‚Ä¶ https://t.co/JpRSLWE2CL",2021-06-13 15:54:54,0,CNXIT ATH closing on 11 JUN 21 catchup pending HCLTECH WEEKLY 12 JUN 21 ENTRY at RETEST 960 955 IS,0.0
37,bull_buy,"Open Long Positions (Entry Date &amp; Price)

#HCLTech 30/4 @ 905
#Nestle 2/5 @ 16500
#LTI 25/5 @ 3700
#INDHOTEL 25/5 @‚Ä¶ https://t.co/7bw1bQtZdt",2021-06-13 15:12:48,0,Open Long Positions Entry Date amp Price HCLTech 30 4 905 Nestle 2 5 16500 LTI 25 5 3700 INDHOTEL 25 5,-0.025
38,VShanthaMurthy,@MajorPoonia Declare #hcltech as Delhi chief minister.,2021-06-13 11:55:13,0,Declare hcltech as Delhi chief minister,0.0
39,TarunaGarg18,"#HCLTECH

4 hrs chart
Ready to super blast
Technical expectations to continue on bullish trend. Once break 1000 the‚Ä¶ https://t.co/tfUJxKtl0C",2021-06-13 06:45:28,0,HCLTECH 4 hrs chart Ready to super blast Technical expectations to continue on bullish trend Once break 1000 the,0.17777777777777778
40,gabani_manoj,"Thank you so much #hcltech for providing the much needed oxygen cylinder to fight covid.

#‡§ï‡•ç‡§∞‡•á‡§°‡§ø‡§ü_‡§ö‡•ã‡§∞ ‡§ï‡•á‡§ú‡§∞‡•Ä‡§µ‡§æ‡§≤ ‡§è‡§Ç‡§°‚Ä¶ https://t.co/SRJtBHT1jV",2021-06-13 03:43:15,0,Thank you so much hcltech for providing the much needed oxygen cylinder to fight covid,0.2
41,BHASKARKHAKHKH1,Thank u @hcltech  ... Oxygen plants donated by #hcltech https://t.co/yHbnmeuDxq,2021-06-13 03:12:40,0,Thank u Oxygen plants donated by hcltech,0.0
42,PITCHBOSS,@TajinderBagga @oxyjoxy @hcltech @AamAadmiParty Not mentioned the donar thats very bad @hcltech Thank you üôè‚Ä¶ https://t.co/my0iDYQlTP,2021-06-13 03:04:17,0,Not mentioned the donar thats very bad Thank you,-0.9099999999999998
43,racsociall,#hcltech possibility 5 to 6 % upside.  #niftyit #Nifty,2021-06-12 18:56:37,0,hcltech possibility 5 to 6 upside niftyit Nifty,0.0
44,JmcStock,"#Crudeoil hit the second resistance successfully 
Best performance by #Ultratech trend decider to final resistance‚Ä¶ https://t.co/5vG6DqPsaZ",2021-06-12 18:25:29,0,Crudeoil hit the second resistance successfully Best performance by Ultratech trend decider to final resistance,0.3333333333333333
45,in_tradingview,#HCLTECH - 12/06/2021 - TradingView - https://t.co/erKvDF4CNU,2021-06-12 16:20:04,0,HCLTECH 12 06 2021 TradingView,0.0
46,DebSubha92,"#HCL , #hcltech ,
956 above small range BO . Cmp- 983 .
1055 may be visit.
#BullishTrend developing. https://t.co/clpZUTKt0f",2021-06-12 16:14:40,0,HCL hcltech 956 above small range BO Cmp 983 1055 may be visit BullishTrend developing,-0.125
47,DebSubha92,"#Performing &amp; #Underperforming IT stock compare to #NiftyIT Index.
Good move Expected in following stock.
#TCS,‚Ä¶ https://t.co/su7H0p938r",2021-06-12 15:46:38,0,Performing amp Underperforming IT stock compare to NiftyIT Index Good move Expected in following stock TCS,0.19999999999999998
48,uncommonprofit,"#CNXIT , #INFY new ATH closing. 
Expect #TCS, #HCLTECH, #LTI  to catch-up https://t.co/mSUjVwkXn6",2021-06-12 11:41:19,0,CNXIT INFY new ATH closing Expect TCS HCLTECH LTI to catch up,0.13636363636363635
49,akshayrantss,#Hcltech SL 966 swing trade target 1050-1060. https://t.co/0vEfHkjbSt,2021-06-12 09:51:05,0,Hcltech SL 966 swing trade target 1050 1060,0.0
50,HCLFirstCareers,"Register today: https://t.co/YYOaRSsQMj

#HCLFirstCareers #HCLTech #HCLTechnologies
#Inspiration #Motivation‚Ä¶ https://t.co/MToejjSXNi",2021-06-12 08:25:06,0,Register today HCLFirstCareers HCLTech HCLTechnologies Inspiration Motivation,0.0
